"id","legacy_camp_id","camp_id","owner","control_location","type","camp_type","camp_subtype","camp_subtype_classification","camp_subtype_classification_extended","capproval_status","channel","data_type","initiation_type","alli_agency","excution_agency","web_ref_id","sms_keyword","marketing_plan_id","marketing_offer","pre_computation","approval_status","sale_location","status","camp_status","camp_channel_id","amm","tms","buh","camp_venue","camp_name","exe_period","budget_type","budget_gift_cost","budget_miscellaneous_cost","budget_offer_cost","budget_promoter_cost","budget_tieup_cost","fin_total_camp_budget","fin_esti_cost_per_sale","fin_act_camp_exp","fin_act_per_sale","goalesti_no_of_leads","goalesti_quali_lead","goalesti_no_of_appoint","goalesti_met_appoint","goalesti_quali_met_appoint","goalesti_no_of_sale","goalact_no_of_leads","goalact_quali_lead","goalact_no_of_appoint","goalact_met_appoint","goalact_quali_met_appoint","goalact_no_of_sale","ref_code","quantity","exp_type","exp_amount","ext_date","sap_status","activity_code","descr","creleted_initiative","cproduct_lines","cobjective","csummary","valid_from","valid_to","approval_tier_level","tier_level_one","tier_level_two","camp_created_by","created_at","updated_at","created_by","updated_by","is_active"
"1","2-MCUMM6","2-B1CRB8","CMMDGA1","8","1","1","1","13",,"1","1","1","1","2","0",,,"367","1","1","0","1","2","2","0","28","27","27",,"Jan 2017 PRO Bliss Leads Pune Pune","1",NULL,"50000","0","0","0","0","50000","2173.9130434783","0","0","100","90","78","34","30","23","12","0","0","0","0","0",NULL,"0",NULL,NULL,NULL,"0",NULL,NULL,NULL,NULL,NULL,NULL,"2018-01-08 00:00:00","1970-01-01 00:00:00","1","2","0","CMM","2018-08-08 08:49:12","2018-08-08 09:01:56","57","57","1"
"2","2-Q37XAI","2-FM4P1S","CMMDGA1","8","1","7","51","21","Test","1","1","1","2","11","0",,,"368","1","1","0","2","2","2","0","29","27","29",,"Jul 2018 PRO Engagement Test Chennai","1",NULL,"45000","0","0","0","0","45000","478.72340425532","0","0","100","98","97","96","95","94","0","0","0","0","0","0",NULL,"0",NULL,NULL,NULL,"0",NULL,NULL,NULL,NULL,NULL,NULL,"2018-01-08 00:00:00","1970-01-01 00:00:00","1","2","0","CMM","2018-08-08 09:50:05","2018-08-08 10:02:32","57","57","1"
"3","2-Q3KZAU","2-AZAIXA","BMMCHN","8","1","2","6","22","test","6","1","2","1","18","0","FC","teeet","368","2","1","0","2","1","2","0","29","30","28",,"Jul 2018 Advertisement English Newspaper test Chennai","1",NULL,"45000","0","0","0","0","45000","9000","0","0","100","20","19","18","10","5","1","0","0","0","0","0",NULL,"0",NULL,NULL,NULL,"0",NULL,NULL,NULL,NULL,NULL,NULL,"2018-08-01 00:00:00","1970-01-01 00:00:00","1","3","0","BMM","2018-08-08 10:37:08","2018-08-08 10:40:32","63","63","1"
"4","2-EH4W6Y","2-GHYBFD","CMMDGA1","8","1","2","6","22",,"1","1","1","1","1","0",,,"369",NULL,"1","0","1","2","2","0","29","29","27",,"Jul 2018 Advertisement English Newspaper Chennai","1",NULL,"5000","0","0","0","0","5000","1250","0","0","10","9","8","7","6","4","0","0","0","0","0","0",NULL,"0",NULL,NULL,NULL,"0",NULL,NULL,NULL,NULL,NULL,NULL,"2018-01-08 00:00:00","1970-01-01 00:00:00","1","2","0","CMM","2018-08-09 09:36:56","2018-08-09 09:38:31","57","57","1"
"5","2-FAH23B","2-LTC2PS","CMMDGA1","8","1","5","23","6",,"1","3","1","1","14","0",,,"369","1","2","0","2","2","2","0","28","28","27",,"Jul 2018 HFRP Bliss Chennai","1",NULL,"1000","1000","0","0","0","2000","133.33333333333","0","0","20","19","18","17","16","15","0","0","0","0","0","0",NULL,"0",NULL,NULL,NULL,"0",NULL,NULL,NULL,NULL,NULL,NULL,"2018-01-08 00:00:00","1970-01-01 00:00:00","1","2","0","CMM","2018-08-09 09:48:57","2018-08-09 09:50:00","57","57","1"
"6","2-IBOF2B","2-K57PVK","CMMDGA1","8","1","3","13","327",,"1","2","1","1","14","0",,,"369","1","2","0","2","2","2","0","29","27","28",,"Jul 2018 COAL Retail Chennai","1",NULL,"2000","1000","0","0","0","3000","150","0","0","70","60","50","40","30","20","22","0","0","0","0","0",NULL,"0",NULL,NULL,NULL,"0",NULL,NULL,NULL,NULL,NULL,NULL,"2018-01-08 00:00:00","1970-01-01 00:00:00","1","2","0","CMM","2018-08-09 10:00:47","2018-08-09 10:04:51","57","57","1"
"7","2-E6HIFM","2-2F94MS","CMMDGA1","8","1","6","35","35",,"1","2","4","1","15","0",,,"369","1","1","0","2","2","2","0","29","28","28",,"Jul 2018 Holiday Promotion Funday Guest Chennai","1",NULL,"300","300","0","0","0","600","10","0","0","200","100","90","80","70","60","0","0","0","0","0","0",NULL,"0",NULL,NULL,NULL,"0",NULL,NULL,NULL,NULL,NULL,NULL,"2018-01-08 00:00:00","1970-01-01 00:00:00","1","2","0","CMM","2018-08-09 10:12:47","2018-08-09 10:15:23","57","57","1"
"8","2-FCLVSB","2-4F0MFH","CMMDGA1","8","1","6","34","34",,"4","1","1","1","14","0",,,"369","1","1","0","1","1","2","0","29","29","27",,"Jul 2018 Holiday Promotion FIT Chennai","1",NULL,"100","100","0","0","0","0","50","0","0","0","0","0","0","0","0","0","0","0","0","0","0",NULL,"0",NULL,NULL,NULL,"0",NULL,NULL,NULL,NULL,NULL,NULL,"2018-01-08 00:00:00","1970-01-01 00:00:00","1","3","0","CMM","2018-08-09 10:20:53","2018-08-09 10:21:43","57","57","1"
"9","2-BXO7D9","2-KFVZOK","CMMDGA1","2","1","1","1","13",,"1","1","0","1","4","0",,,"370","1","1","0","1","2","2","0","30","27","28",,"Jul 2018 Add-on DM Mussoorie","1",NULL,"5000","0","0","0","0","5000","100","0","0","100","90","80","70","60","50","0","0","0","0","0","0",NULL,"0",NULL,NULL,NULL,"0",NULL,NULL,NULL,NULL,NULL,NULL,"2018-01-08 00:00:00","1970-01-01 00:00:00","1","2","0","CMM","2018-08-10 13:15:27","2018-08-10 13:22:00","57","57","1"
"10","2-MN3JQI","2-8GB6LB","CMMDGA1","7","1","1","1","13",,"7","2","2","1","15","0",,,"371","1","2","0","1","1","2","0","29","30","28",,"Jul 2018 Add-on DM Chandigarh","1",NULL,"5000","0","0","0","0","5000","172.41379310345","0","0","40","39","38","34","30","29","0","0","0","0","0","0",NULL,"0",NULL,NULL,NULL,"0",NULL,NULL,NULL,NULL,NULL,NULL,"2018-01-08 00:00:00","1970-01-01 00:00:00","1","1","0","CMM","2018-08-13 05:56:22","2018-08-13 05:58:12","57","57","1"
"11","2-R4C6M6","2-SVPE66","CMMDGA1","7","1","2","6","22",,"7","1","1","1","18","0",,,"371",NULL,"1","0","1","1","2","0","29","27","28",,"Jul 2018 Advertisement English Newspaper Chandigarh","1",NULL,"200","0","0","0","0","200","66.666666666667","0","0","7","6","6","5","4","3","0","0","0","0","0","0",NULL,"0",NULL,NULL,NULL,"0",NULL,NULL,NULL,NULL,NULL,NULL,"2018-01-08 00:00:00","1970-01-01 00:00:00","1","1","0","CMM","2018-08-13 06:21:58","2018-08-13 07:29:19","57","57","1"
"12","2-3NRB3R","2-5FNU2M","CMMDGA1","20","1","2","9","20",,"1","4","4","1","17","0",,,"370","1","1","0","1","2","2","0","29","27","28",,"Jul 2018 Advertisement ERP Mumbai Vashi","1",NULL,"300","400","0","0","0","700","350","0","0","9","7","6","4","3","2","0","0","0","0","0","0",NULL,"0",NULL,NULL,NULL,"0",NULL,NULL,NULL,NULL,NULL,NULL,"2018-01-08 00:00:00","1970-01-01 00:00:00","0","0","0","CMM","2018-08-13 06:23:42",NULL,"57",NULL,"1"
"13","2-3F54SM","2-TMV5JC","CMMDGA1","3","1","1","1","13",,"1","1","1","1","4","0",,,"373","1,2","1","0","2","2","2","0","27","29","27",,"Jul 2018 Add-on DM Naldehra","1",NULL,"1000","0","0","0","0","1000","26.315789473684","0","0","70","60","50","40","39","38","0","0","0","0","0","0",NULL,"0",NULL,NULL,NULL,"0",NULL,NULL,NULL,NULL,NULL,NULL,"2018-01-08 00:00:00","1970-01-01 00:00:00","1","2","0","CMM","2018-08-13 13:25:56","2018-08-14 11:41:27","57","57","1"
"14","2-L69MLV","2-74PSRQ","CMMDGA1","3","1","1","1","13","testt",NULL,"1","1","2","3","0","FC","test","369","1,2","3","0","5","1","2","0","31","31","29",,"Jul 2018 Add-on DM testt Naldehra","1",NULL,"10000","10000","10000","10000","10000","50000","5000","0","0","100","80","60","40","20","10","0","0","0","0","0","0",NULL,"0",NULL,NULL,NULL,"0",NULL,NULL,NULL,NULL,NULL,NULL,"2018-01-08 00:00:00","1970-01-01 00:00:00","0","0","0","CMM","2018-08-13 14:02:51",NULL,"57",NULL,"1"
"15","2-PO4RKH","2-TLGR3F","CMMDGA1","3","1","1","2","254",,NULL,"1","1","1","17","0",,,"373","1,2","2","0","2","1","2","0","30","29","27",,"Jul 2018 Add-on MRA Naldehra","1",NULL,"4000","0","0","0","0","4000","266.66666666667","0","0","20","19","18","17","16","15","0","0","0","0","0","0",NULL,"0",NULL,NULL,NULL,"0",NULL,NULL,NULL,NULL,NULL,NULL,"2018-01-08 00:00:00","1970-01-01 00:00:00","0","0","0","CMM","2018-08-14 08:40:02",NULL,"57",NULL,"1"
"16","2-RXGJ0B","2-KKL5NQ","BMMCHN","8","1","7","55","40","Santosh","1","2","2","2","5","0",,,"374","1,2","2","0","86","2","2","0","30","30","29",,"Jul 2018 PRO Hospital Santosh Chennai","1",NULL,"5000","0","0","0","0","5000","100","0","0","500","400","300","200","100","50","0","0","0","0","0","0",NULL,"0",NULL,NULL,NULL,"0",NULL,NULL,NULL,NULL,NULL,NULL,"2018-08-01 00:00:00","1970-01-01 00:00:00","1","2","0","BMM","2018-08-14 11:19:38","2018-08-14 11:34:12","63","63","1"
"17","2-55X1E6","2-12PUX7","CMMDGA1","4","1","2","8","383",,"1","1","0","1","17","0",,,"375","1,2","2","0","1","2","2","0","29","27","27",,"Jul 2018 Advertisement Vernacular Newspaper Ahmedabad","1",NULL,"100","0","0","0","0","100","2.7027027027027","0","0","50","45","40","39","38","37","0","0","0","0","0","0",NULL,"0",NULL,NULL,NULL,"0",NULL,NULL,NULL,NULL,NULL,NULL,"2018-01-08 00:00:00","1970-01-01 00:00:00","1","2","0","CMM","2018-08-14 11:28:52","2018-08-14 11:41:27","57","57","1"
"18","2-NZ0ICM","2-P9R9WN","CMMDGA1","8","1","5","23","6",,"1","1","1","1","4","0",,,"375","2","1","0","1","2","2","0","30","29","27",,"Jul 2018 HFRP Bliss Ahmedabad","1",NULL,"500","0","0","0","0","500","100","0","0","10","9","8","7","6","5","0","0","0","0","0","0",NULL,"0",NULL,NULL,NULL,"0",NULL,NULL,NULL,NULL,NULL,NULL,"2018-01-08 00:00:00","1970-01-01 00:00:00","1","2","0","CMM","2018-08-14 11:37:39","2018-08-14 11:40:39","57","57","1"
"19","2-G4LXCV","2-6JB2RC","CMMDGA1","4","1","1","2","254",,NULL,"2","1","1","17","0",,,"375","1","2","0","1","1","2","0","30","29","27",,"Jul 2018 Add-on MRA Ahmedabad","1",NULL,"1000","0","0","0","0","1000","333.33333333333","0","0","8","7","6","5","4","3","0","0","0","0","0","0",NULL,"0",NULL,NULL,NULL,"0",NULL,NULL,NULL,NULL,NULL,NULL,"2018-01-08 00:00:00","1970-01-01 00:00:00","0","0","0","CMM","2018-08-14 13:16:27",NULL,"57",NULL,"1"
"20","2-EQXREA","2-KS0U5Q","CMMDGA1","11","1","5","23","6",,"1","1","3","1","14","0",,,"376","1","1","0","1","2","2","0","29","27","27",,"Jul 2018 HFRP Bliss Jaipur","1",NULL,"1000","0","0","0","0","1000","200","0","0","10","9","8","7","6","5","0","0","0","0","0","0",NULL,"0",NULL,NULL,NULL,"0",NULL,NULL,NULL,NULL,NULL,NULL,"2018-01-08 00:00:00","1970-01-01 00:00:00","1","2","0","CMM","2018-08-16 06:07:10","2018-08-16 06:20:13","57","57","1"
"21","2-MLCWMQ","2-N0W339","CMMDGA1","11","1","1","2","254",,"1","2","1","1","16","0",,,"376","1","3","0","2","2","2","0","30","31","28",,"Jul 2018 Add-on MRA Jaipur","1",NULL,"2000","0","0","0","0","2000","133.33333333333","0","0","20","19","18","17","16","15","0","0","0","0","0","0",NULL,"0",NULL,NULL,NULL,"0",NULL,NULL,NULL,NULL,NULL,NULL,"2018-01-08 00:00:00","1970-01-01 00:00:00","1","2","0","CMM","2018-08-16 06:08:37","2018-08-16 06:20:13","57","57","1"
"22","2-PX0ZDL","2-1AJ3FC","CMMDGA1","9","1","5","23","6",,"1","1","1","1","15","0",,,"377","1","1","0","1","2","2","0","29","27","29",,"Jul 2018 HFRP Bliss Goa - Varca","1",NULL,"1000","1000","5000","0","0","7000","1400","0","0","10","9","8","7","6","5","0","0","0","0","0","0",NULL,"0",NULL,NULL,NULL,"0",NULL,NULL,NULL,NULL,NULL,NULL,"2018-08-01 00:00:00","1970-01-01 00:00:00","1","2","0","CMM","2018-08-17 06:32:09","2018-08-17 06:51:03","57","56","1"
"23","2-R22TSB","2-19OOI2","CMMDGA1","9","1","5","25","380",,"1","1","4","1","13","0",,,"377","1","1","0","1","2","2","0","29","27","27",,"Jul 2018 HFRP Team Goa - Varca","1",NULL,"6000","6000","0","0","0","12000","148.14814814815","0","0","90","85","84","83","82","81","0","0","0","0","0","0",NULL,"0",NULL,NULL,NULL,"0",NULL,NULL,NULL,NULL,NULL,NULL,"2018-01-08 00:00:00","1970-01-01 00:00:00","1","2","0","CMM","2018-08-17 06:39:38","2018-08-17 06:51:03","57","56","1"
"24","2-28R1HU","2-GZ1QWS","CMMDGA1","9","1","5","27","389",,"1","1","1","1","5","0",,,"377","1,3","1","0","1","2","2","0","30","30","28",,"Jul 2018 HFRP Web Goa - Varca","1",NULL,"0","0","50","500","600","1150","29.487179487179","0","0","60","58","57","45","40","39","0","0","0","0","0","0",NULL,"0",NULL,NULL,NULL,"0",NULL,NULL,NULL,NULL,NULL,NULL,"2018-01-08 00:00:00","1970-01-01 00:00:00","1","2","0","CMM","2018-08-17 06:43:50","2018-08-17 06:51:02","57","56","1"
"25","2-ADC7KV","2-MNEYJ1","CMMDGA1","9","1","1","3","258",,"1","2","2","2","16","0",,,"377","1","3","0","2","2","2","0","31","30","29",,"Jul 2018 Add-on MRD Ref Goa - Varca","1",NULL,"1000","0","0","1000","0","2000","28.571428571429","0","0","75","74","73","72","71","70","0","0","0","0","0","0",NULL,"0",NULL,NULL,NULL,"0",NULL,NULL,NULL,NULL,NULL,NULL,"2018-01-08 00:00:00","1970-01-01 00:00:00","1","2","0","CMM","2018-08-17 06:45:21","2018-08-17 06:51:02","57","56","1"
"26","2-OW3NAC","2-LK61O3","CMMDGA1","6","1","5","23","6",,"1","3","2","1","14","0",,,"378","1,3","3","0","1","2","2","0","30","27","28",,"Jul 2018 HFRP Bliss Delhi - Bikaji","1",NULL,"1000","1000","1000","1000","1000","5000","100","0","0","100","90","80","70","60","50","0","0","0","0","0","0",NULL,"0",NULL,NULL,NULL,"0",NULL,NULL,NULL,NULL,NULL,NULL,"2018-01-08 00:00:00","1970-01-01 00:00:00","1","2","0","CMM","2018-08-17 09:24:52","2018-08-17 09:42:31","57","57","1"
"27","2-MOMU4L","2-RVXMS0","CMMDGA1","6","1","5","27","389",,"1","4","5","1","18","0",,,"378","3","0","0","1","2","2","0","30","30","28",,"Jul 2018 HFRP Web Delhi - Bikaji","1",NULL,"9000","0","0","0","0","9000","225","0","0","90","80","70","60","50","40","0","0","0","0","0","0",NULL,"0",NULL,NULL,NULL,"0",NULL,NULL,NULL,NULL,NULL,NULL,"2018-08-01 00:00:00","1970-01-01 00:00:00","1","2","0","CMM","2018-08-17 09:27:37","2018-08-17 09:42:31","57","57","1"
"28","2-DD1WGR","2-FKJEV8","CMMDGA1","13","1","1","1","13",,NULL,"1","1","1","2","0",,,"379","1,3","1","0","1","1","2","0","30","30","29",,"Jul 2018 Add-on DM Kolkata","1",NULL,"0","0","0","0","0","0","0","0","0","90","80","70","60","50","40","0","0","0","0","0","0",NULL,"0",NULL,NULL,NULL,"0",NULL,NULL,NULL,NULL,NULL,NULL,"2018-01-08 00:00:00","1970-01-01 00:00:00","0","0","0","CMM","2018-08-17 14:33:28",NULL,"57",NULL,"1"
"29","2-41R4R3","2-QJYOSH","CMMDGA1","4","1","7","40","377",,"1","1","1","2","13","0",,,"380","1,3","1","0","2","2","2","0","30","27","29",,"Jul 2018 PRO Tab fresh leads Ahmedabad","1",NULL,"1001","1000","0","0","0","2001","40.02","0","0","100","90","80","70","60","50","0","0","0","0","0","0",NULL,"0",NULL,NULL,NULL,"0",NULL,NULL,NULL,NULL,NULL,NULL,"2018-08-01 00:00:00","1970-01-01 00:00:00","1","2","0","CMM","2018-08-18 06:37:56","2018-08-18 07:44:21","57","57","1"
"30","2-4RIRVU","2-B1T0A1","CMMDGA1","4","1","5","29","294",,"1","3","1","1","15","0",,,"380","1,3","2","0","2","2","2","0","30","30","29",,"Jul 2018 HFRP Online Ahmedabad","1",NULL,"2001","2000","0","0","0","4001","80.02","0","0","56","54","53","52","51","50","0","0","0","0","0","0",NULL,"0",NULL,NULL,NULL,"0",NULL,NULL,NULL,NULL,NULL,NULL,"2018-08-01 00:00:00","1970-01-01 00:00:00","1","2","0","CMM","2018-08-18 06:51:40","2018-08-18 07:43:00","57","57","1"
"31","2-IEVD39","2-99BGS2","BMMCHN","8","1","5","25","378",,"10","2","1","1","15","0",,,"381","1","2","0","1","1","2","0","29","29","27",,"Jul 2018 HFRP Team Chennai","1",NULL,"1000","0","0","0","0","1000","200","0","0","10","9","8","7","6","5","0","0","0","0","0","0",NULL,"0",NULL,NULL,NULL,"0",NULL,NULL,NULL,NULL,NULL,NULL,"2018-01-08 00:00:00","1970-01-01 00:00:00","2","0","0","BMM","2018-08-18 08:00:36","2018-08-18 13:58:55","63","63","1"
"32","2-LGHODG","2-390T8Y","BMMCHN","8","1","2","10","309",,"10","3","5","1","18","0",,,"381",NULL,"1","0","1","1","2","0","30","30","29",,"Jul 2018 Advertisement Print Chennai","1",NULL,"5000","0","0","0","0","5000","555.55555555556","0","0","50","40","30","20","10","9","0","0","0","0","0","0",NULL,"0",NULL,NULL,NULL,"0",NULL,NULL,NULL,NULL,NULL,NULL,"2018-01-08 00:00:00","1970-01-01 00:00:00","2","0","0","BMM","2018-08-18 08:16:04","2018-08-18 13:58:40","63","63","1"
"33","2-1ZY8VO","2-1VBP67","BMMCHN","8","1","7","48","39",,"10","3","0","2","19","0",,,"381","3","1","0","14","1","2","0","31","27","28",,"Jul 2018 PRO HVMS Chennai","1",NULL,"100","0","0","0","0","100","1.1764705882353","0","0","90","89","88","87","86","85","0","0","0","0","0","0",NULL,"0",NULL,NULL,NULL,"0",NULL,NULL,NULL,NULL,NULL,NULL,"2018-01-08 00:00:00","1970-01-01 00:00:00","2","0","0","BMM","2018-08-18 08:26:22","2018-08-18 08:28:24","63","63","1"
"34","2-R34I62","2-Q5XAXF","CMMDelhi","9","1","7","41","2",,"7","4","5","2","18","0",,,"377",NULL,"2","0","1","1","2","0","37","38","39",,"Jul 2018 PRO Apartments/ RWA Goa - Varca","1",NULL,"1000","0","0","0","0","1000","250","0","0","9","8","7","6","5","4","0","0","0","0","0","0",NULL,"0",NULL,NULL,NULL,"0",NULL,NULL,NULL,NULL,NULL,NULL,"2018-01-08 00:00:00","1970-01-01 00:00:00","1","1","0","CMM","2018-08-18 09:03:55","2018-08-18 09:04:05","92","92","1"
"35","2-NPSZUM","2-H5DZHM","CMMDelhi","9","1","1","2","254",,NULL,"4","2","1","18","0",,,"377","1,3","3","0","1","1","3","0","38","38","40",,"Jul 2018 Add-on MRA Goa - Varca","1",NULL,"100","0","0","0","0","100","3.3333333333333","0","0","80","70","60","50","40","30","0","0","0","0","0","0",NULL,"0",NULL,NULL,NULL,"0",NULL,NULL,NULL,NULL,NULL,NULL,"2018-01-08 00:00:00","1970-01-01 00:00:00","0","0","0","CMM","2018-08-18 09:06:01",NULL,"92",NULL,"1"
"36","2-J4RSEG","2-3RE0LB","CMMDelhi","11","1","6","34","34",,"7","1","4","1","16","0",,,"376","1","1","0","1","1","2","0","37","38","39",,"Jul 2018 Holiday Promotion FIT Jaipur","1",NULL,"5000","0","0","0","0","5000","100","0","0","100","90","80","70","60","50","0","0","0","0","0","0",NULL,"0",NULL,NULL,NULL,"0",NULL,NULL,NULL,NULL,NULL,NULL,"2018-01-08 00:00:00","1970-01-01 00:00:00","1","1","0","CMM","2018-08-18 09:38:43","2018-08-18 09:38:52","92","92","1"
"37","2-AHRFWB","2-25A4TQ","CMMDelhi","11","1","2","10","308",,NULL,"5","5","1","17","0",,,"376","1","3","0","5","1","2","0","38","39","40",,"Jul 2018 Advertisement Print Jaipur","1",NULL,"6000","0","0","0","0","6000","73.170731707317","0","0","89","88","86","85","83","82","0","0","0","0","0","0",NULL,"0",NULL,NULL,NULL,"0",NULL,NULL,NULL,NULL,NULL,NULL,"2018-01-08 00:00:00","1970-01-01 00:00:00","0","0","0","CMM","2018-08-18 09:40:35",NULL,"92",NULL,"1"
"38","2-96X1GT","2-3EW72S","BMMCHN","8","1","2","8","383",,"1","1","2","1","17","0",,,"384","1,3","1","0","1","3","2","0","30","30","29",,"Jul 2018 Advertisement Vernacular Newspaper Chennai","1",NULL,"1000","0","0","0","0","0","125","0","0","0","0","0","0","0","0","0","0","0","0","0","0",NULL,"0",NULL,NULL,NULL,"0",NULL,NULL,NULL,NULL,NULL,NULL,"2018-01-08 00:00:00","1970-01-01 00:00:00","1","2","0","BMM","2018-08-18 09:58:03","2018-08-18 10:39:32","63","63","1"
"39","2-M1JJQI","2-8RURIK","BMMCHN","8","2","7","46","364",,"1","6","4","2","16","0",,,"384","3","1","0","1","2","2","0","31","30","30",,"Jul 2018 PRO Sales PRO Chennai","1",NULL,"5000000","0","0","0","0","5000000","100000","0","0","100","90","80","70","60","50","0","0","0","0","0","0",NULL,"0",NULL,NULL,NULL,"0",NULL,NULL,NULL,NULL,NULL,NULL,"2018-01-08 00:00:00","1970-01-01 00:00:00","2","2","2","BMM","2018-08-18 10:47:45","2018-08-18 11:26:19","63","63","1"
"40","2-JAS1AE","2-TJ0ZI1","CMMDGA1","11","1","1","3","258",,"7","1","1","1","16","0",,,"385","1","3","0","4","3","2","0","30","30","29",,"Jul 2018 Add-on MRD Ref Jaipur","1",NULL,"1000","0","0","0","0","0","20","0","0","0","0","0","0","0","0","0","0","0","0","0","0",NULL,"0",NULL,NULL,NULL,"0",NULL,NULL,NULL,NULL,NULL,NULL,"2018-01-08 00:00:00","1970-01-01 00:00:00","1","1","0","CMM","2018-08-20 10:15:56","2018-08-20 10:18:02","57","57","1"
"41","2-D75JQ5","2-S5JXGW","BMMCHN","8","1","7","41","2",,"1","4","2","2","17","0",,,"385","1","1","0","2","2","2","0","31","30","28",,"Jul 2018 PRO Apartments/ RWA Chennai","1",NULL,"4000","1","0","0","0","4001","47.630952380952","0","0","89","88","87","86","85","84","0","0","0","0","0","0",NULL,"0",NULL,NULL,NULL,"0",NULL,NULL,NULL,NULL,NULL,NULL,"2018-08-01 00:00:00","1970-01-01 00:00:00","1","2","0","BMM","2018-08-20 10:32:58","2018-08-20 10:39:29","63","63","1"
"42","2-F7SINR","2-JK15I0","BMMCHN","8","1","6","38","313",,"1","3","5","1","16","0",,,"385","1,2","2","0","2","2","2","0","30","27","28",,"Jul 2018 Holiday Promotion REP Chennai","1",NULL,"4001","4000","0","0","0","8001","73.403669724771","0","0","200","123","112","111","110","109","0","0","0","0","0","0",NULL,"0",NULL,NULL,NULL,"0",NULL,NULL,NULL,NULL,NULL,NULL,"2018-08-01 00:00:00","1970-01-01 00:00:00","2","2","2","BMM","2018-08-20 10:43:19","2018-08-20 11:10:44","63","63","1"
"43","2-104FVN","2-3RO5NQ","CMMDGA1","6","1","2","7","259",,NULL,"3","2","1","14","0",,,"383","2","3","0","2","1","2","0","30","29","28",,"Jul 2018 Advertisement Magazine Delhi - Bikaji","1",NULL,"1000","0","0","0","0","1000","111.11111111111","0","0","50","40","30","20","10","9","0","0","0","0","0","0",NULL,"0",NULL,NULL,NULL,"0",NULL,NULL,NULL,NULL,NULL,NULL,"2018-01-08 00:00:00","1970-01-01 00:00:00","0","0","0","CMM","2018-08-20 11:24:58",NULL,"57",NULL,"1"
"44","2-BTIWSU","2-4C9PWJ","BMMCHN","8","1","7","42","4",,"6","3","2","2","15","0",,,"385","1","2","0","2","3","2","0","30","30","29",,"Jul 2018 PRO Bank Chennai","1",NULL,"1001","0","0","0","0","1001","62.5","0","0","0","0","0","0","0","0","0","0","0","0","0","0",NULL,"0",NULL,NULL,NULL,"0",NULL,NULL,NULL,NULL,NULL,NULL,"2018-01-08 00:00:00","1970-01-01 00:00:00","2","3","0","BMM","2018-08-20 11:56:23","2018-08-22 07:19:33","63","63","1"
"45","2-IM9VNF","2-NY66TC","BMMCHN","8","1","1","2","254",,"10","2","2","1","17","0",,,"374","1,3","1","0","2","1","2","0","30","27","28",,"Jul 2018 Add-on MRA Chennai","1",NULL,"200001","0","0","0","0","200001","50000.25","0","0","9","8","7","6","5","4","0","0","0","0","0","0",NULL,"0",NULL,NULL,NULL,"0",NULL,NULL,NULL,NULL,NULL,NULL,"2018-01-08 00:00:00","1970-01-01 00:00:00","2","1","0","BMM","2018-08-20 14:31:30","2018-08-20 14:49:00","63","63","1"
"46","2-T3AH3C","2-DQJN9B","CMMDGA1","1","1","7","58","9","CHN","1","2","0","2","0","0",,,"386","6","0","0","5","1","2","0","31","28","30",,"Jul 2018 PRO Clubs CHN Corporate","1",NULL,"0","0","0","0","0","0","0","0","0","1000","500","200","50","20","10","0","0","0","0","0","0",NULL,"0",NULL,NULL,NULL,"0",NULL,NULL,NULL,NULL,NULL,NULL,"2018-08-01 00:00:00","1970-01-01 00:00:00","1","2","0","CMM","2018-08-21 06:31:08","2018-08-21 12:47:05","57","57","1"
"47","2-DSPST5","2-DTMRB6","BMMCHN","8","1","7","41","2","DAMAC","10","2","0","2","0","0",,,"387","5","0","0","86","1","2","0","27","28","30",,"Jul 2018 PRO Apartments/ RWA DAMAC Chennai","1",NULL,"100000","0","0","0","0","100000","50000","0","0","9","8","7","6","5","2","0","0","0","0","0","0",NULL,"0",NULL,NULL,NULL,"0",NULL,NULL,NULL,NULL,NULL,NULL,"2018-08-01 00:00:00","1970-01-01 00:00:00","2","2","1","BMM","2018-08-21 06:46:31","2018-08-21 12:31:05","63","63","1"
"48","2-MSWFPD","2-25VUJS","BMMCHN","8","1","7","41","2","SOBHA","1","2","0","2","0","0",,,"387","2","0","0","86","1","2","0","28","28","30",,"Jul 2018 PRO Apartments/ RWA SOBHA Chennai","1",NULL,"0","0","200000","0","0","200000","66666.666666667","0","0","8","7","6","5","4","3","0","0","0","0","0","0",NULL,"0",NULL,NULL,NULL,"0",NULL,NULL,NULL,NULL,NULL,NULL,"2018-01-08 00:00:00","1970-01-01 00:00:00","2","2","2","BMM","2018-08-21 06:59:21","2018-08-21 07:00:31","63","63","1"
"49","2-AFOEL9","2-46H9A3","CMMDGA1","1","1","7","61","324","OMR","1","2","2","2","0","0",,,"386",NULL,"0","0","86","3","2","0","27","28","30",,"Jul 2018 PRO Restaurants OMR Corporate","1",NULL,"20000","0","0","0","0","0","1000","0","0","0","0","0","0","0","0","0","0","0","0","0","0",NULL,"0",NULL,NULL,NULL,"0",NULL,NULL,NULL,NULL,NULL,NULL,"2018-01-08 00:00:00","1970-01-01 00:00:00","1","2","0","CMM","2018-08-21 07:00:43","2018-08-21 10:05:27","57","63","1"
"50","2-6K6SXL","2-JFU2LC","BMMCHN","8","1","7","58","9","CHN","1","2","2","2","0","0",,,"388","6","0","0","86","1","2","0","27","28","30",,"Jul 2018 PRO Clubs CHN Chennai","1",NULL,"10000","0","0","0","0","10000","1000","0","0","10000","5000","500","200","100","10","0","0","0","0","0","0",NULL,"0",NULL,NULL,NULL,"0",NULL,NULL,NULL,NULL,NULL,NULL,"2018-08-01 00:00:00","1970-01-01 00:00:00","1","2","0","BMM","2018-08-21 10:20:39","2018-08-21 10:24:36","63","63","1"
"51","2-3D0XAC","2-FER4C2","CMMDGA1","2","1","6","38","313",,"1","2","1","1","17","0",,,"372","1","3","0","4","2","2","0","29","27","27",,"Jul 2018 Holiday Promotion REP Mussoorie","1",NULL,"2000","0","0","0","0","2000","26.666666666667","0","0","89","80","78","77","76","75","0","0","0","0","0","0",NULL,"0",NULL,NULL,NULL,"0",NULL,NULL,NULL,NULL,NULL,NULL,"2018-01-08 00:00:00","1970-01-01 00:00:00","1","2","0","CMM","2018-08-22 05:52:55","2018-11-23 06:03:38","57","57","1"
"52","2-PJR7T3","2-NYOS4S","BMMCHN","8","1","7","42","4","Primary","1","2","2","2","0","0",,,"390",NULL,"0","0","86","2","2","0","27","28","30",,"Jul 2018 PRO Bank Primary Chennai","1",NULL,"10000","0","0","0","0","10000","1000","0","0","5000","2000","200","50","25","10","0","0","0","0","0","0",NULL,"0",NULL,NULL,NULL,"0",NULL,NULL,NULL,NULL,NULL,NULL,"2018-08-01 00:00:00","1970-01-01 00:00:00","1","2","0","BMM","2018-08-22 06:57:27","2018-08-22 08:31:56","63","63","1"
"53","2-UPI0BS","2-1BRJE0","BMMCHN","8","1","7","53","318","SEC","1","2","9","2","0","0",,,"390",NULL,"0","0","86","2","2","0","27","28","30",,"Jul 2018 PRO Rechurn SEC Chennai","1",NULL,"10000","0","0","0","0","10000","1000","0","0","1000","500","100","50","20","10","0","0","0","0","0","0",NULL,"0",NULL,NULL,NULL,"0",NULL,NULL,NULL,NULL,NULL,NULL,"2018-08-01 00:00:00","1970-01-01 00:00:00","1","2","0","BMM","2018-08-22 07:10:34","2018-08-22 08:31:56","63","63","1"
"54","2-NARP43","2-5E0MU1","CMMDGA1","1","1","5","28","255","test","1","3","2","1","11","0","CX","test","386","1","2","0","2","2","2","0","30","29","29",,"Jul 2018 HFRP MRD test Corporate","1",NULL,"1000","0","0","0","0","1000","100","0","0","100","80","60","40","20","10","0","0","0","0","0","0",NULL,"0",NULL,NULL,NULL,"0",NULL,NULL,NULL,NULL,NULL,NULL,"2018-01-08 00:00:00","1970-01-01 00:00:00","1","2","0","CMM","2018-08-27 11:11:27","2018-08-27 11:13:37","57","57","1"
"55","2-248QK0","2-QTZY10","CMMDGA1","1","1","2","9","20",,NULL,"2","2","1","0","0",,,"386",NULL,"0","0","2","1","3","0","28","27","27",,"Jul 2018 Advertisement ERP Corporate","1",NULL,"0","0","0","0","0","0","0","0","0","100","90","80","70","60","50","0","0","0","0","0","0",NULL,"0",NULL,NULL,NULL,"0",NULL,NULL,NULL,NULL,NULL,NULL,"2018-01-08 00:00:00","1970-01-01 00:00:00","0","0","0","CMM","2018-08-28 13:18:48",NULL,"57",NULL,"1"
"56","2-DZYO4R","2-F5LP9G","BMMCHN","8","1","5","28","257",,NULL,"3","0","2","0","0",,,"390","1","0","0","2","1","3","0","29","27","28",,"Jul 2018 HFRP MRD Chennai","1",NULL,"0","0","0","0","0","0","0","0","0","564","32","10","5","4","3","0","0","0","0","0","0",NULL,"0",NULL,NULL,NULL,"0",NULL,NULL,NULL,NULL,NULL,NULL,"2018-01-08 00:00:00","1970-01-01 00:00:00","0","0","0","BMM","2018-08-30 06:27:34",NULL,"63",NULL,"1"
"57","2-3NM8QB","2-IWUPPD","BMMCHN","8","1","2","6","23",,"9","2","1","1","1","0",,,"391","1,3","1","0","1","1","2","0","30","27","29",,"Aug 2018 Advertisement English Newspaper Chennai","4",NULL,"100","0","0","0","0","100","2.5","0","0","90","80","70","60","50","40","0","0","0","0","0","0",NULL,"0",NULL,NULL,NULL,"0",NULL,NULL,NULL,NULL,NULL,NULL,"2018-08-01 00:00:00","2018-09-28 00:00:00","1","0","0","BMM","2018-08-30 13:33:42","2018-08-31 14:58:28","63","57","1"
"58","2-II23JM","2-PGT0B5","CMMDGA1","8","1","1","1","13",,"1","3","1","1","1","0",,,"391","2","1","0","1","2","2","0","29","27","27",,"Aug 2018 Add-on DM Chennai","4",NULL,"1000","0","0","0","0","1000","13.513513513514","0","0","80","78","77","76","75","74","0","0","0","0","0","0",NULL,"0",NULL,NULL,NULL,"0",NULL,NULL,NULL,NULL,NULL,NULL,"2018-08-01 00:00:00","2018-09-28 00:00:00","1","2","0","CMM","2018-08-30 14:32:56","2018-08-31 14:58:24","57","57","1"
"59","2-SKXZCW","2-42T2BD","CMMDGA1","8","1","8","68","393",,"1","2","9","2","1","0",,,"391","2","1","0","1","2","2","0","29","30","28",,"Aug 2018 RSP Sales Chennai","4",NULL,"1000","0","0","0","0","1000","19.607843137255","0","0","60","56","54","53","53","51","0","0","0","0","0","0",NULL,"0",NULL,NULL,NULL,"0",NULL,NULL,NULL,NULL,NULL,NULL,"2018-08-01 00:00:00","2018-09-28 00:00:00","1","2","0","CMM","2018-08-30 19:46:15","2018-08-30 19:48:04","57","57","1"
"60","2-502SE5","2-T6WJ8H","CMMDGA1","8","1","8","68","393","Test","1","2","2","1","2","0","CX","Test","392","1","1","0","5","2","2","0","29","30","28",,"Sep 2018 RSP Sales Test Chennai","5",NULL,"10000","10000","10000","10000","10000","50000","5000","0","0","100","80","60","40","20","10","0","0","0","0","0","0",NULL,"0",NULL,NULL,NULL,"0",NULL,NULL,NULL,NULL,NULL,NULL,"2018-09-01 00:00:00","2018-09-15 00:00:00","1","2","0","CMM","2018-08-31 07:09:44","2018-08-31 07:11:25","57","57","1"
"61","2-TNFUMI","2-TKDQEC","CMMDGA1","8","1","5","28","257","Test","1","2","2","1","1","0",,,"392","1","2","0","4","2","2","0","29","30","29",,"Sep 2018 HFRP MRD Test Chennai","5",NULL,"0","0","0","0","0","0","0","0","0","100","80","60","40","20","10","0","0","0","0","0","0",NULL,"0",NULL,NULL,NULL,"0",NULL,NULL,NULL,NULL,NULL,NULL,"2018-09-01 00:00:00","2018-09-20 00:00:00","1","2","0","CMM","2018-08-31 08:21:51","2018-09-01 06:40:10","57","57","1"
"62","2-4C5X99","2-S738YJ","CMMDGA1","8","1","1","2","254",,"1","5","2","2","5","0",,,"393","3,4","2","0","2","2","2","0","29","30","27",,"Aug 2018 Add-on MRA Chennai","1",NULL,"10000","0","0","0","0","10000","200","0","0","100","90","80","70","60","50","0","0","0","0","0","0",NULL,"0",NULL,NULL,NULL,"0",NULL,NULL,NULL,NULL,NULL,NULL,"2018-08-01 00:00:00","2018-09-21 00:00:00","1","2","0","CMM","2018-08-31 09:10:23","2018-08-31 09:31:27","57","57","1"
"63","2-MJGYAY","2-2MDLZB","CMMDGA1","8","1","6","35","35",,"1","1","2","1","1","0",,,"393","3,4","2","0","1","2","2","0","30","27","29",,"Aug 2018 Holiday Promotion Funday Guest Chennai","1",NULL,"1000","0","0","0","0","1000","11.904761904762","0","0","89","88","87","86","85","84","0","0","0","0","0","0",NULL,"0",NULL,NULL,NULL,"0",NULL,NULL,NULL,NULL,NULL,NULL,"2018-08-01 00:00:00","2018-09-21 00:00:00","1","2","0","CMM","2018-08-31 09:17:21","2018-08-31 09:31:27","57","57","1"
"64","2-THJBDU","2-M954K6","CMMDGA1","8","1","1","5","381",,"1","5","9","1","4","0",,,"393","2,3","2","0","2","2","2","0","29","27","28",,"Aug 2018 Add-on Telemarketing Chennai","1",NULL,"20000","0","0","0","0","20000","317.46031746032","0","0","89","67","66","65","64","63","0","0","0","0","0","0",NULL,"0",NULL,NULL,NULL,"0",NULL,NULL,NULL,NULL,NULL,NULL,"2018-08-01 00:00:00","2018-09-21 00:00:00","1","2","0","CMM","2018-08-31 09:21:01","2018-08-31 09:31:27","57","57","1"
"65","2-1ECS8F","2-SSA52H","CMMDGA1","8","1","2","7","259",,NULL,"3","2","2","2","0",,,"393","2,4","2","0","4","3","2","0","29","29","28",,"Aug 2018 Advertisement Magazine Chennai","1",NULL,"5000","0","0","0","0","0","67.567567567568","0","0","0","0","0","0","0","0","0","0","0","0","0","0",NULL,"0",NULL,NULL,NULL,"0",NULL,NULL,NULL,NULL,NULL,NULL,"2018-08-01 00:00:00","2018-09-21 00:00:00","0","0","0","CMM","2018-08-31 09:23:10","2018-08-31 09:23:30","57","57","1"
"66","2-ATS834","2-DF9MOS","CMMDGA1","8","1","3","13","338",,"1","4","9","2","4","0",,,"393","1","2","0","4","2","2","0","29","27","29",,"Aug 2018 COAL Retail Chennai","1",NULL,"1000","0","0","0","0","1000","13.698630136986","0","0","78","77","76","75","74","73","0","0","0","0","0","0",NULL,"0",NULL,NULL,NULL,"0",NULL,NULL,NULL,NULL,NULL,NULL,"2018-08-01 00:00:00","2018-09-21 00:00:00","1","2","0","CMM","2018-08-31 09:26:42","2018-08-31 09:31:27","57","57","1"
"67","2-86CPAV","2-QL9HGR","CMMDGA1","8","1","5","28","257","Pull Primary","1","3","2","1","2","0","CX","Test","393","1","2","0","86","2","2","0","30","31","27","Test","Aug 2018 HFRP MRD Pull Primary Chennai","1",NULL,"0","0","0","0","0","0","0","0","0","100","80","60","40","20","10","0","0","0","0","0","0",NULL,"0",NULL,NULL,NULL,"0",NULL,NULL,NULL,NULL,NULL,NULL,"2018-08-01 00:00:00","2018-09-21 00:00:00","1","2","0","CMM","2018-09-01 06:31:05","2018-09-01 06:40:09","57","57","1"
"68","2-D6XBBG","2-OZQNPW","admin","8","1","5","28","257","pull","1","3","2","1","3","0","test","test","393","1","1","0","86","2","2","0","30","30","28","test","Aug 2018 HFRP MRD pull Chennai","1",NULL,"0","0","0","0","0","0","0","0","0","100","80","60","40","20","10","0","0","0","0","0","0",NULL,"0",NULL,NULL,NULL,"0",NULL,NULL,NULL,NULL,NULL,NULL,"2018-08-01 00:00:00","2018-09-21 00:00:00","1","2","0","CMM","2018-09-03 11:04:52","2018-09-03 11:08:07","1","57","1"
"69","2-C7FVTS","2-BDVYGP","CMMDGA1","8","1","7","40","377",,"1","4","2","2","2","0",,,"394","1","1","0","2","2","2","0","29","30","28",,"Aug 2018 PRO Tab fresh leads Chennai","1",NULL,"1000","0","0","0","0","1000","20","0","0","100","90","80","70","60","50","0","0","0","0","0","0",NULL,"0",NULL,NULL,NULL,"0",NULL,NULL,NULL,NULL,NULL,NULL,"2018-08-01 00:00:00","2018-09-12 00:00:00","1","2","0","CMM","2018-09-03 12:20:20","2018-09-03 12:22:06","57","57","1"
"70","2-RMZQ0I","2-E031DW","CMMDGA1","8","1","5","25","378",,"1","2","9","2","4","0",,,"394","1","1","0","2","2","2","0","29","30","28",,"Aug 2018 HFRP Team Chennai","1",NULL,"100","0","0","0","0","100","25","0","0","9","8","7","6","5","4","0","0","0","0","0","0",NULL,"0",NULL,NULL,NULL,"0",NULL,NULL,NULL,NULL,NULL,NULL,"2018-08-01 00:00:00","2018-09-12 00:00:00","1","2","0","CMM","2018-09-03 12:25:18","2018-09-03 12:26:57","57","57","1"
"71","2-28JMED","2-J9SRUL","CMMDGA1","8","1","5","23","6",,"1","3","2","1","1","0",,,"394","2","2","0","2","2","2","0","30","27","28",,"Aug 2018 HFRP Bliss Chennai","1",NULL,"1000","0","0","0","0","1000","11.904761904762","0","0","89","88","87","86","85","84","0","0","0","0","0","0",NULL,"0",NULL,NULL,NULL,"0",NULL,NULL,NULL,NULL,NULL,NULL,"2018-08-01 00:00:00","2018-09-12 00:00:00","1","2","0","CMM","2018-09-03 13:20:25","2018-09-03 13:21:59","57","57","1"
"72","2-5KMSA7","2-S0U5E2","CMMDGA1","8","1","5","27","389",,"1","2","9","1","1","0",,,"394","1","1","0","2","2","2","0","30","30","28",,"Aug 2018 HFRP Web Chennai","1",NULL,"120","0","0","0","0","120","1.875","0","0","80","70","67","66","65","64","0","0","0","0","0","0",NULL,"0",NULL,NULL,NULL,"0",NULL,NULL,NULL,NULL,NULL,NULL,"2018-08-01 00:00:00","2018-09-12 00:00:00","1","2","0","CMM","2018-09-03 13:32:17","2018-09-03 13:34:53","57","57","1"
"73","2-QL5090","2-9A0FHK","CMMDGA1","1","1","7","65","261","Mumbai","1","2","2","2","0","0",,,"395",NULL,"0","0","32","3","2","0","27","29","27",,"Sep 2018 PRO Malls Mumbai Corporate","6",NULL,"5000","0","500","0","0","0","0","0","0","0","0","0","0","0","0","0","0","0","0","0","0",NULL,"0",NULL,NULL,NULL,"0",NULL,NULL,NULL,NULL,NULL,NULL,"2018-09-01 00:00:00","2018-09-30 00:00:00","1","2","0","CMM","2018-09-04 09:56:29","2018-09-05 12:15:38","57","57","1"
"74","2-1G70C5","2-LSWHD5","CMMDGA1","1","1","7","42","5","MumCorp","1","2","2","2","0","0",,,"395","2","0","0","5","2","2","0","27","29","27",,"Sep 2018 PRO Bank MumCorp Corporate","6",NULL,"1000","0","0","0","0","1000","1000","0","0","100","40","30","10","5","1","0","0","0","0","0","0",NULL,"0",NULL,NULL,NULL,"0",NULL,NULL,NULL,NULL,NULL,NULL,"2018-09-01 00:00:00","2018-09-30 00:00:00","1","2","0","CMM","2018-09-05 12:15:11","2018-09-05 12:19:30","57","57","1"
"75","2-C5UB38","2-KIDKRO","BMMCHN","8","1","7","66","266","CHN Primary","1","2","2","2","0","0",,,"397",NULL,"0","0","86","2","2","0","27","27","27",,"Sep 2018 PRO Multiplex Movies CHN Primary Chennai","5",NULL,"5000","0","0","0","1000","6000","600","0","0","50000","2000","500","200","50","10","0","0","0","0","0","0",NULL,"0",NULL,NULL,NULL,"0",NULL,NULL,NULL,NULL,NULL,NULL,"2018-09-01 00:00:00","2018-09-30 00:00:00","1","2","0","BMM","2018-09-06 05:24:17","2018-09-06 06:52:34","63","63","1"
"76","2-R32GUG","2-IDPRCN","BMMCHN","8","1","7","42","4",,"1","2","2","2","0","0",,,"397","1","0","0","86","2","2","0","27","27","27",,"Sep 2018 PRO Bank Chennai","5",NULL,"0","0","0","0","0","0","0","0","0","100","50","30","10","5","0","0","0","0","0","0","0",NULL,"0",NULL,NULL,NULL,"0",NULL,NULL,NULL,NULL,NULL,NULL,"2018-09-01 00:00:00","2018-09-30 00:00:00","1","2","0","BMM","2018-09-06 05:27:31","2018-09-06 06:52:34","63","63","1"
"77","2-8D99LM","2-I9QZVZ","BMMCHN","8","1","7","49","43","CHN","1","2","2","2","0","0",,,"397",NULL,"0","0","86","2","2","0","27","29","27",,"Sep 2018 PRO Joggers Park CHN Chennai","5",NULL,"3000","0","0","5000","0","8000","8000","0","0","500","200","70","20","5","1","0","0","0","0","0","0",NULL,"0",NULL,NULL,NULL,"0",NULL,NULL,NULL,NULL,NULL,NULL,"2018-09-01 00:00:00","2018-09-30 00:00:00","1","2","0","BMM","2018-09-06 05:32:39","2018-09-06 06:52:34","63","63","1"
"78","2-TWINLV","2-RF1REF","BMMCHN","8","1","7","53","318","CHN Secondary","1","1","0","2","0","0",,,"397",NULL,"0","0","86","2","2","0","27","29","27",,"Sep 2018 PRO Rechurn CHN Secondary Chennai","5",NULL,"20000","0","0","0","0","20000","2000","0","0","10000","5000","1000","300","100","10","1","0","0","0","0","0",NULL,"0",NULL,NULL,NULL,"0",NULL,NULL,NULL,NULL,NULL,NULL,"2018-09-01 00:00:00","2018-09-30 00:00:00","1","2","0","BMM","2018-09-06 05:35:40","2018-09-06 06:52:34","63","63","1"
"79","2-1NJFIT","2-3446K7","BMMCHN","8","1","7","44","382","CHN","1","3","2","2","0","0",,,"397",NULL,"0","0","86","1","2","0","28","27","27",,"Sep 2018 PRO Toll Plaza CHN Chennai","5",NULL,"90000","0","0","0","0","90000","4500","0","0","2000","1000","500","200","100","20","0","0","0","0","0","0",NULL,"0",NULL,NULL,NULL,"0",NULL,NULL,NULL,NULL,NULL,NULL,"2018-09-01 00:00:00","2018-09-30 00:00:00","2","2","2","BMM","2018-09-06 07:25:38","2018-09-06 08:43:57","63","63","1"
"80","2-7O0ONI","2-4WFQ86","BMM1HYD","10","1","7","41","2",,"1","2","2","2","3","0",,,"399","8","0","0","172","1","2","0","57","57","56",,"Sep 2018 PRO Apartments/ RWA Hyderabad","5",NULL,"1200000","0","0","0","0","1200000","300000","0","0","9","8","7","6","5","4","0","0","0","0","0","0",NULL,"0",NULL,NULL,NULL,"0",NULL,NULL,NULL,NULL,NULL,NULL,"2018-09-01 00:00:00","2018-09-30 00:00:00","2","2","2","BMM","2018-09-07 10:07:38","2018-09-07 10:08:00","110","110","1"
"81","2-Q4R7TM","2-JN1WLY","BMMCHN","8","1","5","24","14",,"1","1","0","1","1","0",,,"397","1","1","0","1","1","2","0","27","28","31",,"Date HFRP DSA Chennai","5",NULL,"1000","90","90","90","90","1360","27.2","0","0","100","90","80","70","60","50","0","0","0","0","0","0",NULL,"0",NULL,NULL,NULL,"0",NULL,NULL,NULL,NULL,NULL,NULL,"2018-09-01 00:00:00","2018-09-30 00:00:00","2","2","2","BMM","2018-09-10 11:48:00","2018-09-10 11:54:55","63","63","1"
"82","2-K3QJW1","2-GE6USL","RMM","8","1","8","68","393",,NULL,"2","0","1","0","0",,,"401","1","2","0","1","3","2","0","31","28","31",,"Date RSP Sales Chennai","1",NULL,"0","0","0","0","0","0","0","0","0","0","0","0","0","0","0","0","0","0","0","0","0",NULL,"0",NULL,NULL,NULL,"0",NULL,NULL,NULL,NULL,NULL,NULL,"2018-08-01 00:00:00","2018-09-20 00:00:00","0","0","0","ADMIN","2018-09-17 07:08:38","2018-10-15 10:57:44","61","57","1"
"83","2-LBNK1J","2-EV44D8","BMMCHN","8","1","1","1","13",,"10","3","1","1","0","0",,,"397","1","0","0","86","1","2","0","28","28","27",,"Date Add-on DM Chennai","5",NULL,"500","0","0","0","0","500","125","0","0","9","8","7","6","5","4","0","0","0","0","0","0",NULL,"0",NULL,NULL,NULL,"0",NULL,NULL,NULL,NULL,NULL,NULL,"2018-09-01 00:00:00","2018-09-30 00:00:00","2","0","0","BMM","2018-09-17 09:24:32","2018-09-17 09:25:29","63","63","1"
"84","2-2U3JK6","2-TK6171","BMMCHN","8","1","2","6","22",,"1","1","9","1","0","0",,,"402","1","0","0","86","2","2","0","30","31","31",,"Sep 2018 Advertisement English Newspaper Chennai","5",NULL,"999","0","0","0","0","999","249.75","0","0","9","8","7","6","5","4","0","0","0","0","0","0",NULL,"0",NULL,NULL,NULL,"0",NULL,NULL,NULL,NULL,NULL,NULL,"2018-09-01 00:00:00","2018-09-30 00:00:00","1","2","0","BMM","2018-09-17 11:07:30","2018-09-19 07:46:31","63","63","1"
"85","2-7RR76F","2-5YRDVZ","CMMWEB","8","1","1","1","13","test camp shri","1","2","1","1","2","0","CX","test web","403","2","1","0","1","1","2","0","27","27","29",,"Sep 2018 Add-on DM test camp shri Chennai","6",NULL,"0","0","0","0","0","0","0","0","0","70","60","50","40","30","20","0","0","0","0","0","0",NULL,"0",NULL,NULL,NULL,"0",NULL,NULL,NULL,NULL,NULL,NULL,"2018-09-01 00:00:00","2018-10-31 00:00:00","1","2","0","CMM-WEB","2018-09-19 11:26:27","2018-09-19 11:26:59","107","107","1"
"86","2-C1W520","2-A1QMEN","BMMCHN","8","1","1","2","254",,"10","1","0","1","1","0",,,"402","1","2","0","86","3","2","0","30","31","31",,"Sep 2018 Add-on MRA Chennai","5",NULL,"0","0","0","0","0","0","0","0","0","0","0","0","0","0","0","0","0","0","0","0","0",NULL,"0",NULL,NULL,NULL,"0",NULL,NULL,NULL,NULL,NULL,NULL,"2018-09-01 00:00:00","2018-09-30 00:00:00","2","2","1","BMM","2018-10-04 06:10:02","2018-10-04 06:33:31","63","57","1"
"87","2-R5IKUQ","2-SMOLCY","CMMDGA1","8","1","7","42","4",,NULL,"2","0","2","0","0",,,"367","3","0","0","1","3","2","0","30","31","29",,"Aug 2018 PRO Bank Chennai","1",NULL,"0","0","0","0","0","0","0","0","0","0","0","0","0","0","0","0","0","0","0","0","0",NULL,"0",NULL,NULL,NULL,"0",NULL,NULL,NULL,NULL,NULL,NULL,"2018-08-01 00:00:00","2018-09-05 00:00:00","0","0","0","CMM","2018-10-04 06:39:37","2018-10-15 10:51:47","57","57","1"
"88","2-KQSJ1L","2-KW73GT","CMMWEB","8","1","1","1","13","test one","7","1","1","1","1","0",,,"405","1","1","0","1","1","2","0","28","27","28",,"Sep 2018 Add-on DM test one Chennai","6",NULL,"10","20","20","50","10","110","5.5","0","0","100","90","70","60","50","20","0","0","0","0","0","0",NULL,"0",NULL,NULL,NULL,"0",NULL,NULL,NULL,NULL,NULL,NULL,"2018-09-01 00:00:00","2018-09-10 00:00:00","1","1","0","CMM-WEB","2018-10-05 09:42:12","2018-10-05 09:42:45","107","107","1"
"89","2-E1CHQ1","2-ITZREW","CMMWEB","8","1","1","1","13",,NULL,"2","3","2","1","0",,,"403","1","1","0","1","3","2","0","29","27","28",,"Sep 2018 Add-on DM Chennai","6",NULL,"0","0","0","0","0","0","0","0","0","0","0","0","0","0","0","0","0","0","0","0","0",NULL,"0",NULL,NULL,NULL,"0",NULL,NULL,NULL,NULL,NULL,NULL,"2018-09-01 00:00:00","2018-10-31 00:00:00","0","0","0","CMM-WEB","2018-10-05 09:59:20","2018-10-05 10:10:09","107","107","1"
"90","2-7DHZVB","2-CJGAOF","CMMDGA1","8","1","2","9","20",,"7","2","3","1","2","0",,,"407",NULL,"3","0","3","1","2","0","29","30","29",,"Aug 2018 AdvertisementEntree ERP Chennai","1",NULL,"100","100","100","100","100","500","25","0","0","80","70","60","50","40","20","0","0","0","0","0","0",NULL,"0",NULL,NULL,NULL,"0",NULL,NULL,NULL,NULL,NULL,NULL,"2018-08-01 00:00:00","2019-01-31 00:00:00","1","1","0","CMM","2018-10-16 11:56:27","2018-10-17 08:43:20","57","63","1"
"91","2-CL0VI3","2-3NBOXU","CMMDGA1","8","1","2","9","20",,NULL,"3","4","1","2","0",,,"407","6","3","0","7","3","2","0","29","31","28",,"Aug 2018 Advertisement ERP Chennai","1",NULL,"0","0","0","0","0","0","0","0","0","0","0","0","0","0","0","0","0","0","0","0","0",NULL,"0",NULL,NULL,NULL,"0",NULL,NULL,NULL,NULL,NULL,NULL,"2018-08-01 00:00:00","2019-01-31 00:00:00","0","0","0","CMM","2018-10-16 11:59:26","2018-10-16 12:00:00","57","57","1"
"92","2-D40ZUK","2-1HT7HQ","BMMCHN","8","1","2","7","259","test","1","2","3","2","1","0","test","test","390","6","1","0","2","2","2","0","29","29","28",,"Aug 2018 Advertisement Magazine test Chennai","1",NULL,"0","0","0","0","0","0","0","0","0","1","1","1","1","1","1","0","0","0","0","0","0",NULL,"0",NULL,NULL,NULL,"0",NULL,NULL,NULL,NULL,NULL,NULL,"2018-08-01 00:00:00","2019-08-31 00:00:00","1","2","0","BMM","2018-10-17 07:12:31","2018-10-17 08:49:56","63","63","1"
"93","2-G9GDD9","2-NC1CSF","CMMWEB","8","1","1","3","258",,NULL,"6","3","1","3","0",,,"406","6","2","0","3","1","2","0","30","27","29",,"Aug 2018 Add-on MRD Ref Chennai","1",NULL,"500","500","100","100","100","1300","26","0","0","500","400","300","200","100","50","0","0","0","0","0","0",NULL,"0",NULL,NULL,NULL,"0",NULL,NULL,NULL,NULL,NULL,NULL,"2018-08-01 00:00:00","2018-10-31 00:00:00","0","0","0","CMM-WEB","2018-10-17 09:57:30",NULL,"107",NULL,"1"
"94","2-8Q9N1V","2-CRFM71","CMMDGA1","8","1","5","24","14",,"1","4","5","2","1","0",,,"411","6","0","0","172","3","2","0","30","27","27",,"Aug 2018 HFRPRSP DSA Chennai","1",NULL,"0","0","0","0","0","0","0","0","0","0","0","0","0","0","0","0","0","0","0","0","0",NULL,"0",NULL,NULL,NULL,"0",NULL,NULL,NULL,NULL,NULL,NULL,"2018-08-01 00:00:00","2019-08-31 00:00:00","1","2","0","CMM","2018-10-27 07:25:45","2018-10-27 07:53:35","57","57","1"
"95","2-3C0G8O","2-J9IGYB","CMMDGA1","8","1","5","33","295",,"7","2","1","2","1","0",,,"411","6","0","0","172","1","2","0","29","29","28",,"Aug 2018 HFRP PRO Chennai","1",NULL,"0","0","0","0","12000","12000","3000","0","0","9","8","7","6","5","4","0","0","0","0","0","0",NULL,"0",NULL,NULL,NULL,"0",NULL,NULL,NULL,NULL,NULL,NULL,"2018-08-01 00:00:00","2019-08-31 00:00:00","1","1","0","CMM","2018-10-27 08:40:49","2018-10-27 08:48:47","57","57","1"
"96","2-1ICMAF","2-28SDRX","BMMCHN","8","1","1","3","258","tets",NULL,"3","2","1","1","0",,,"388","6","1","0","2","3","2","0","29","29","29",,"Aug 2018 Add-on MRD Ref tets Chennai","1",NULL,"0","0","0","0","0","0","0","0","0","0","0","0","0","0","0","0","0","0","0","0","0",NULL,"0",NULL,NULL,NULL,"0",NULL,NULL,NULL,NULL,NULL,NULL,"2018-08-01 00:00:00","2019-08-31 00:00:00","0","0","0","BMM","2018-11-01 06:16:26","2018-11-01 06:19:25","63","63","1"
"97","2-J30SI7","2-BK6UE4","BMMCHN","8","1","2","7","259","test revision","6","4","3","1","2","0",,,"388","6","2","0","3","1","2","0","29","27","29",,"Aug 2018 Advertisement Magazine test revision Chennai","1",NULL,"10","10","10","0","10","40","2","0","0","70","60","50","40","30","20","0","0","0","0","0","0",NULL,"0",NULL,NULL,NULL,"0",NULL,NULL,NULL,NULL,NULL,NULL,"2018-08-01 00:00:00","2019-08-31 00:00:00","1","3","0","BMM","2018-11-01 06:22:02","2018-11-01 06:22:46","63","63","1"
"98","2-48E483","2-30PS2L","BMMCHN","8","1","1","2","254","test edit",NULL,"2","2","2","1","0",,,"390","6","2","0","3","1","2","0","30","29","28",,"Aug 2018 Add-on MRA test edit Chennai","1",NULL,"10","100","100","100","10","320","16","0","0","80","70","60","50","40","20","0","0","0","0","0","0",NULL,"0",NULL,NULL,NULL,"0",NULL,NULL,NULL,NULL,NULL,NULL,"2018-08-01 00:00:00","2019-08-31 00:00:00","0","0","0","BMM","2018-11-01 06:35:35",NULL,"63",NULL,"1"
"99","2-6380VW","2-JINIZ5","CMMDGA1","8","1","2","6","22","shri test","7","2","3","1","1","0",,,"420","6","1","0","2","1","2","0","30","27","28",,"Aug 2018 Advertisement English Newspaper shri test Chennai","1",NULL,"10","10","10","10","10","50","5","0","0","60","50","40","30","20","10","0","0","0","0","0","0",NULL,"0",NULL,NULL,NULL,"0",NULL,NULL,NULL,NULL,NULL,NULL,"2018-08-01 00:00:00","2018-11-30 00:00:00","1","1","0","CMM","2018-11-22 06:14:19","2018-11-23 06:38:16","57","63","1"
"100","2-AH48GP","2-BP21B2","CMMWEB","8","1","2","7","259",,"1","2","5","1","0","0",,,"421","15","0","0","86","2","2","0","27","28","30",,"Nov 2018 Advertisement Magazine Chennai","8",NULL,"25000","0","0","0","0","25000","25000","0","0","9","8","7","5","4","1","0","0","0","0","0","0",NULL,"0",NULL,NULL,NULL,"0",NULL,NULL,NULL,NULL,NULL,NULL,"2018-11-21 00:00:00","2018-11-30 00:00:00","1","2","0","CMM-WEB","2018-11-22 06:24:47","2018-11-22 06:27:27","107","107","1"
"101","2-RRMYKZ","2-FA6XRS","BMMCHN","8","1","7","65","261","EA Mall","1","2","2","2","0","0",,,"418","16","0","0","86","2","2","0","29","29","27",,"Nov 2018 PRO Malls EA Mall Chennai","8",NULL,"5000","0","0","0","0","5000","1000","0","0","1000","500","100","40","20","5","0","0","0","0","0","0",NULL,"0",NULL,NULL,NULL,"0",NULL,NULL,NULL,NULL,NULL,NULL,"2018-11-21 00:00:00","2018-11-30 00:00:00","1","2","0","BMM","2018-11-22 07:19:19","2018-11-22 10:51:33","63","63","1"
"102","2-12DBLM","2-7MJOC1","BMMCHN","8","1","7","57","369","CHN","1","2","9","2","0","0",,,"418",NULL,"0","0","86","2","2","0","27","29","27",,"Nov 2018 PRO Secondary Data CHN Chennai","8",NULL,"50000","0","0","0","0","50000","50000","0","0","500","200","50","20","10","1","0","0","0","0","0","0",NULL,"0",NULL,NULL,NULL,"0",NULL,NULL,NULL,NULL,NULL,NULL,"2018-11-21 00:00:00","2018-11-30 00:00:00","1","2","0","BMM","2018-11-22 07:28:59","2018-11-22 10:51:33","63","63","1"
"103","2-JIHZHR","2-LH7F5J","CMMDGA1","1","1","7","66","265","Corp","7","2","2","2","0","0",,,"417","16","0","0","13","1","2","0","27","28","30",,"Nov 2018 PRO Multiplex Movies Corp Corporate","8",NULL,"10000","0","0","0","0","10000","1000","0","0","5000","3000","100","40","20","10","0","0","0","0","0","0",NULL,"0",NULL,NULL,NULL,"0",NULL,NULL,NULL,NULL,NULL,NULL,"2018-11-21 00:00:00","2018-11-30 00:00:00","1","1","0","CMM","2018-11-22 09:21:36","2018-11-22 09:26:40","57","57","1"
"104","2-J9J50I","2-RZSYCE","CMMDGA1","1","1","3","13","327",,NULL,"2","3","1","2","0",,,"425","17","1","0","3","1","2","0","29","27","29",,"Date COAL Retail Corporate","8",NULL,"200","200","200","100","300","1000","33.333333333333","0","0","80","70","60","50","40","30","0","0","0","0","0","0",NULL,"0",NULL,NULL,NULL,"0",NULL,NULL,NULL,NULL,NULL,NULL,"2018-11-21 00:00:00","2018-11-30 00:00:00","0","0","0","CMM","2018-11-22 10:06:45",NULL,"57",NULL,"1"
"105","2-DXQQDA","2-C3UB2J","CMMWEB","1","1","2","6","24",,"1","2","1","1","0","0",,,"423","14","0","0","86","2","2","0","27","28","30",,"Nov 2018 Advertisement English Newspaper Corporate","9",NULL,"100000","0","0","0","0","100000","25000","0","0","9","8","7","6","5","4","0","0","0","0","0","0",NULL,"0",NULL,NULL,NULL,"0",NULL,NULL,NULL,NULL,NULL,NULL,"2018-11-22 00:00:00","2018-11-23 00:00:00","1","2","0","CMM-WEB","2018-11-22 10:55:31","2018-11-22 14:54:57","107","107","1"
"106","2-14OTLF","2-RM3NQV","BMMCHN","8","1","7","56","366","CHN1","1","2","2","2","0","0",,,"418","16","0","0","2","3","2","0","27","28","30",,"Nov 2018 PRO Schools CHN1 Chennai","8",NULL,"0","0","0","0","0","0","0","0","0","0","0","0","0","0","0","0","0","0","0","0","0",NULL,"0",NULL,NULL,NULL,"0",NULL,NULL,NULL,NULL,NULL,NULL,"2018-11-21 00:00:00","2018-11-30 00:00:00","1","2","0","BMM","2018-11-22 11:25:08","2018-11-22 11:41:31","63","63","1"
"107","2-8LEYDJ","2-ST7N2T","BMMANDHERI","5","1","1","5","381",,"9","2","2","2","0","0",,,"426","17","0","0","271","1","2","0","89","88","88",,"Nov 2018 Add-on Telemarketing Mumbai - Andheri","8",NULL,"100000","0","0","0","0","100000","33333.333333333","0","0","8","7","6","5","4","3","0","0","0","0","0","0",NULL,"0",NULL,NULL,NULL,"0",NULL,NULL,NULL,NULL,NULL,NULL,"2018-11-21 00:00:00","2018-11-30 00:00:00","1","0","0","BMM","2018-11-22 11:50:41","2018-11-22 11:51:00","112","112","1"
"108","2-ER430K","2-FO0VOA","BMMVASHI","20","1","2","7","259",,"9","1","1","2","0","0",,,"427","17","0","0","271","1","2","0","110","109","100",,"Nov 2018 Advertisement Magazine Mumbai - Vashi","8",NULL,"200000","0","0","0","0","200000","100000","0","0","7","6","5","4","3","2","0","0","0","0","0","0",NULL,"0",NULL,NULL,NULL,"0",NULL,NULL,NULL,NULL,NULL,NULL,"2018-11-21 00:00:00","2018-11-30 00:00:00","1","0","0","BMM","2018-11-22 11:53:13","2018-11-22 11:53:31","113","113","1"
"109","2-IT3IVT","2-O7RMNI","CMMWEB","1","1","2","6","22","Corp","1","2","1","1","0","0",,,"423",NULL,"0","0","13","2","2","0","1","2","1",,"Nov 2018 Advertisement English Newspaper Corp Corporate","9",NULL,"5000","0","0","0","0","5000","0","0","0","300","50","20","10","3","0","0","0","0","0","0","0",NULL,"0",NULL,NULL,NULL,"0",NULL,NULL,NULL,NULL,NULL,NULL,"2018-11-22 00:00:00","2018-11-23 00:00:00","1","2","0","CMM-WEB","2018-11-22 14:27:33","2018-11-22 14:54:57","107","107","1"
"110","2-39TDGR","2-93W1AT","CMMDGA1","1","1","1","3","258",,"7","2","1","2","0","0",,,"429","17","0","0","86","1","2","0","1","2","1",,"Nov 2018 Add-on MRD Ref Corporate","8",NULL,"10000","0","0","0","0","10000","10000","0","0","7","6","5","4","3","1","0","0","0","0","0","0",NULL,"0",NULL,NULL,NULL,"0",NULL,NULL,NULL,NULL,NULL,NULL,"2018-11-21 00:00:00","2018-11-30 00:00:00","1","1","0","CMM","2018-11-22 17:15:04","2018-11-22 17:15:20","57","57","1"
"111","2-PKNBR3","2-CGHYAJ","CMMDGA1","1","1","5","25","378",,"7","3","3","2","3","0",,,"425","15","2","0","2","1","2","0","1","3","2",,"Nov 2018 HFRP Team Corporate","8",NULL,"10","10","10","10","10","50","5","0","0","70","50","40","30","20","10","0","0","0","0","0","0",NULL,"0",NULL,NULL,NULL,"0",NULL,NULL,NULL,NULL,NULL,NULL,"2018-11-21 00:00:00","2018-11-30 00:00:00","1","1","0","CMM","2018-11-23 07:06:02","2018-11-23 07:06:17","57","57","1"
